OBJECTID;MIVA_toilet;Entree;Gebruik;Status;Ma;Ma_van;Ma_tot;Di;Di_van;Di_tot;Wo;Wo_van;Wo_tot;Do;Do_van;Do_tot;Vr;Vr_van;Vr_tot;Za;Za_van;Za_tot;Zo;Zo_van;Zo_tot;Kosten;Beoordeling;Eigenaar;Opmerking;Beugels;Grote_prullenbak;Wastafel;Baby_verschoontafel;GlobalID;X;Y;LONG;LAT
1;Ja;Drempelvrij;Ruim;In onderhoud;Ja;8:30;16:30;Ja;12:00;20:00;Ja;8:30;16:30;Ja;8:30;16:30;Ja;8:30;16:30;Nee;;;Nee;;;Gratis;Voldoende;Gemeente Den Haag;;Ja;Ja;Ja;Ja;a019b1d9-f2b5-4e8b-9838-29852722042c;79052.28785110735;451317.3492620565;4.280114074209678;52.04496617974066
2;Ja;Drempelvrij;Ruim;In onderhoud;Ja;08:00;16:00;Ja;08:00;17:00;Ja;08:00;17:00;Ja;08:00;17:00;;08:00;17:00;Nee;;;Nee;;;0,50;;;;Ja;Ja;Ja;Ja;aac86f71-dde1-4461-ae5e-f148b70b8e23;202778.4872406188;501954.46122743125;6.09087448966469;52.503192960252555
3;Ja;Drempelvrij;Ruim;In onderhoud;;;;;;;;;;;;;;;;;;;;;;;;;;Ja;;Ja;;be909689-d4bf-4b8e-bf7d-753e4700bf44;202816.73889291653;501941.45043507626;6.091435941984829;52.503072690972616
4;;;;;Ja;9:00;21:00;Ja;9:00;21:00;Ja;9:00;21:00;Ja;9:00;21:00;Ja;9:00;21:00;Ja;11:00;21:00;Ja;11:00;21:00;;;Sophia Revalidatiecentrum;;;;;;c10d27e0-e5c8-4cd6-aba3-c152d2cfeedf;78053.31550246009;450792.95435561764;4.265672747337997;52.04011576826092
5;;;;;Ja;;;Ja;;;Ja;;;Ja;;;Ja;;;Ja;;;Ja;;;;;Haga ziekenhuis;;;;;;fdb6835e-4be9-445a-9868-a42f58c06450;77942.96535402547;452597.44198639254;4.263657738664275;52.05631685639349
6;;;;;;;;;;;;;;;;;;;;;;;;;;€ 0,50;;Gemeente Den Haag;Wordt gebouwd;;;;;c1d993ce-3bd2-4de4-a96b-d804c5df8970;75062.38281235445;454031.8561556475;4.221329119405941;52.068799142781856
7;;;;;Ja;9:00;22:00;Ja;9:00;21:00;Ja;9:00;23:30;Ja;9:00;21:00;Ja;9:00;16:00;Ja;9:00;16:00;Ja;9:30;14:00;;;Haag Atletiek;;;;;;3cbb06f7-4313-430e-a3a9-60d3ea7cd39a;76482.56389793573;454966.32759750314;4.241823212051203;52.077400069956475
8;;;;;;;;;;;;;;;;;;;;;;;;;;;;Haga ziekenhuis;;;;;;39edcffd-09df-4d19-94da-7fed75f8270a;78026.75060702539;455385.17499042745;4.264250506331479;52.081380960683596
9;;;;;Ja;10:00;22:00;Ja;10:00;22:00;Ja;10:00;22:00;Ja;10:00;22:00;Ja;10:00;22:00;Ja;10:00;22:00;Ja;10:00;22:00;;;Pier Scheveningen;;;;;;390e0cec-a6fa-414e-8587-ca254f80bc79;79333.66931793946;459205.17560434056;4.282465389891146;52.11589020872346
10;;;;;Ja;10:00;18:00;Ja;10:00;18:00;Ja;10:00;18:00;Ja;10:00;18:00;Ja;10:00;18:00;Ja;10:00;20:00;Ja;10:00;18:00;;;Palace Promenade;;;;;;f9233870-afad-4673-a776-432d9b53728d;79441.97325103507;459041.14086266194;4.2840827622494;52.11443089544591
11;;Drempelvrij;Gemiddeld;;Ja;9:00;17:00;Ja;9:00;17:00;Ja;9:00;17:00;Ja;9:00;17:00;Ja;9:00;17:00;Ja;9:00;17:00;Ja;9:00;17:00;€ 0,50;Goed;Biesieklette;Openbaar toilet Biesieklette;Ja;Ja;Ja;Ja;e23a216d-35fe-4062-9a24-ef591a76c595;79478.0186798691;458994.77182725025;4.2846192041986635;52.11401911685915
12;;;;;Ja;12:00;00:00;Ja;12:00;00:00;Ja;12:00;00:00;Ja;12:00;00:00;Ja;12:00;00:00;Ja;12:00;00:00;Ja;12:00;00:00;;;Santos;;;;;;55858b5b-0935-434e-a5cb-37e08d7c62ca;79360.68470683995;458864.4052387072;4.282935447670807;52.1128315255692
13;;;;;Ja;16:00;23:30;Ja;16:00;23:30;Ja;16:00;23:30;Ja;16:00;23:30;Ja;16:00;23:30;Ja;12:00;23:30;Ja;12:00;23:30;;;Rodizio;;;;;;7d47cdd1-f2af-41e5-80a0-0bed108cd8af;79326.44022962774;458826.8935485076;4.282443932998938;52.112489737480324
14;;;;;Ja;11:30;3:00;Ja;11:30;3:00;Ja;11:30;3:00;Ja;11:30;3:00;Ja;11:30;3:00;Ja;11:30;3:00;Ja;11:30;3:00;;;Holland Casino;;;;;;9f40b18a-9909-4353-84aa-a4171d82e236;79371.07936807298;458789.73887199134;4.283103756443002;52.11216194742423
15;;;;;;;;;;;;;;;;;;;;;;;;;;;;Pathe Scheveningen;;;;;;81c7a751-5796-4db9-9715-3fe3ee0921bf;79427.3609547829;458805.1959413035;4.283921830232755;52.112308547307855
16;;;;;Nee;;;Ja;17:00;22:00;Ja;17:00;22:00;Ja;17:00;22:00;Ja;17:00;22:00;Ja;12:00;22:00;Ja;13:00;22:00;;;Le Cirque;;;;;;7bb61971-a8f7-48d4-bf3d-1f8cbd2ce3d4;79335.14737258806;458701.7542557031;4.282598830755553;52.11136634717696
17;;;;;Ja;9:00;23:00;Ja;9:00;23:00;Ja;9:00;23:00;Ja;9:00;23:00;Ja;9:00;00:00;Ja;9:00;00:00;Ja;9:00;23:00;;;BIT Grill en Cafe;;;;;;da1273d3-5999-463f-a5ba-10580b96852c;81156.14148885878;455071.7801186077;4.309964737912125;52.07899082019646
18;Ja;Drempelvrij;Ruim;In onderhoud;Ja;;;Ja;;;Ja;;;Ja;;;Ja;;;Ja;;;Ja;;;€ 0,50;Goed;Gemeente Den Haag;Openbaar toiletolstoel vriendelijk;Ja;;;;95c9c91f-13ef-45ca-b33f-8fe3906c74fa;81216.74807305573;455066.4788135929;4.310849866785986;52.07895125805843
19;;;;;;;;;;;;;;;;;;;;;;;;;;;;Pathe Buitenhof;;;;;;7dfe9579-b470-40cf-baef-3ab911824e5c;81217.92312154014;455021.7049337069;4.310876688850783;52.07854904211473
20;;;;;Ja;9:30;23:00;Ja;9:30;23:00;Ja;9:30;23:00;Ja;9:30;00:00;Ja;9:30;00:00;Ja;9:30;00:00;Ja;9:30;23:00;;;Dudok;;;;;;eed5ff5a-a8b8-4e9e-aa4d-105e73483e5c;81276.75158306822;455020.4661327124;4.311734995637506;52.078545745145924
21;;;;;Ja;6:30;22:00;Ja;6:30;22:00;Ja;6:30;22:00;Ja;6:30;23:00;Ja;6:30;23:00;Ja;7:00;23:00;Ja;8:00;22:00;;;Starbucks;;;;;;1c1a84bf-1a2a-4a4a-8276-e23f2142f791;81334.72003699851;454836.90915106115;4.31262012440473;52.076903875083715
22;;;;;Ja;10:00;20:00;Ja;10:00;20:00;Ja;10:00;20:00;Ja;10:00;21:00;Ja;10:00;20:00;Ja;10:00;19:00;Ja;11:00;18:00;;;Decathlon;;;;;;17d13c8b-f05d-44b2-9f10-b98477973189;81396.74867231942;454877.81441651215;4.3135159821319515;52.07727973007096
23;;;;;Ja;11:00;20:00;Ja;10:00;20:00;Ja;10:00;20:00;Ja;10:00;21:00;Ja;10:00;20:00;Ja;10:00;20:00;Ja;11:00;19:00;;;Bijenkorf;;;;;;8c048fd7-23f1-48c6-965b-be5709f17eac;81353.4712248329;454786.73689080914;4.312904438495796;52.076455482402565
24;;;;;Ja;12:00;22:30;Nee;;;Ja;12:00;22:30;Ja;12:00;22:30;Ja;12:00;22:30;Ja;12:00;22:30;Ja;12:00;22:30;;;Shizo;;;;;;68fa30cb-aaf5-4dac-bb8a-d404210189a0;81442.3290228382;454851.09275214997;4.314186534287737;52.07704564519775
25;;;;;;;;;;;;;;;;;;;;;;;;;;;;Pathe Spui;;;;;;1dae67b8-68d3-4897-a870-5f07853eab6a;81497.14231817186;454876.6973566349;4.314980468077686;52.07728302688109
26;;;;;Ja;12:00;20:00;Ja;10:00;20:00;Ja;10:00;20:00;Ja;10:00;20:00;Ja;10:00;20:00;Ja;10:00;17:00;Ja;12:00;17:00;;;Centrale Bibliotheek;;;;;;c12f5bf0-4c31-4a66-abd4-80605490f2fb;81577.30611056922;454900.4608400434;4.316144546668379;52.077507219485966
27;;;;;;;;;;;;;;;;;;;;;;;;;;;;Filmhuis;;;;;;de82f229-1024-4acc-b15b-a6b02679af34;81641.38169095392;454756.0693236969;4.317110142169989;52.07621809634335
28;;Drempel;Ruim;In onderhoud;Ja;8:30;16:30;Ja;8:30;16:30;Ja;8:30;16:30;Ja;8:30;16:30;Ja;8:30;16:30;Nee;;;Nee;;;€ 0,00;Goed;Gemeente Den Haag;;Ja;Ja;Ja;Ja;30a8818d-044e-47eb-8a05-96a31bf0390d;81668.10566253753;454972.12774431263;4.317453465228354;52.07816330705144
29;;;;;Ja;7:00;1:00;Ja;7:00;1:00;Ja;7:00;1:00;Ja;7:00;1:00;Ja;7:00;1:00;Ja;7:00;1:00;Ja;7:00;1:00;;;Des Indes Lounge & Terrace;;;;;;7992cd97-de80-4fd2-bf9e-55a40b19b8a7;81395.13558439622;455607.85225339135;4.313334933748978;52.08384019970073
30;;;;;Ja;12:00;23:00;Ja;12:00;23:00;Ja;12:00;23:00;Ja;12:00;23:00;Ja;12:00;23:00;Ja;12:00;23:00;;;;;;The Livingroom;;;;;;0460600a-bb33-408c-9774-68705234bad4;82128.02351503176;455461.1580627261;4.324057064023884;52.082618838606166
31;;;;;Ja;10:00;18:00;Ja;10:00;20:00;Ja;10:00;20:00;Ja;10:00;20:00;Ja;10:00;18:00;Ja;10:00;16:00;Nee;;;;;Koninklijke bibliotheek;;;;;;59fa0cbc-bc56-4e0d-a809-88c3f1da2e85;82326.91628538574;455381.21595942666;4.326975308881992;52.08192655495787
32;;;;;Ja;;;Ja;;;Ja;;;Ja;;;Ja;;;Ja;;;Ja;;;;;Centraal station Den Haag;;;;;;51edec99-4d74-4403-86fc-b5ab65a6a416;82118.36591918726;455354.1859364144;4.32393904682096;52.08165623083652
33;;;;;;;;;;;;;;;;;;;;;;;;;;;;Full Moon;;;;;;a4b73947-c43e-48ad-94f0-c05d49e98968;81269.75168401703;454653.51516832184;4.311712196665739;52.07524710781063
34;;Drempelvrij;Gemiddeld;In onderhoud;;;;;;;;;;;;;;;;;;;;;;;Goed;Fokker Terminal;;Ja;Ja;Ja;Ja;b354a5b3-03b2-4dbd-993e-8241d8b5beaf;83178.43925574597;453582.08466371754;4.339774817234403;52.0658691425133
35;;;;;Ja;16:15;22:30;Ja;17:00;22:30;Ja;17:00;22:30;Ja;17:00;22:30;Ja;17:00;23:;Ja;17:00;23:00;Ja;17:00;22:30;;;Gouden Wok;;;;;;9bdbaf14-16c0-40e5-8088-f13e7f931286;79633.95809124359;452186.97316399106;4.288399777150554;52.052860705870174
36;;;;;Ja;17:00;22:00;Ja;9:00;22:00;Ja;9:00;22:00;Ja;9:00;22:00;Ja;9:00;22:30;Ja;9:00;22:30;Ja;9:00;22:00;;;Watertuin Naaldwijk;;;;;;3ebf7c6c-5b5b-4a16-8c97-636fcc298cd5;73801.37268017234;447054.4588917049;4.204598185415395;52.00591280622346
37;;;;;Ja;9:00;18:00;Ja;9:00;18:00;Ja;9:00;18:00;Ja;9:00;21:00;Ja;9:00;18:00;Ja;9:00;18:00;Ja;12:00;17:00;;;Hema;;;;;;c8582e5e-3892-4e77-b224-6deed7a65119;81423.11887625413;450381.6456424642;4.314869156770808;52.036876981808945
38;;;;;Ja;10:00;17:00;Ja;9:00;17:00;Ja;9:00;17:00;Ja;9:00;21:00;Ja;9:00;17:00;Ja;9:00;17:00;Ja;11:00;17:00;;;Lunchroom bij oma;;;;;;65e560c7-3f03-4a7e-87e3-40312ba0a923;81517.01597728187;450358.2279634381;4.316242447761356;52.03667898489912
39;;;;;Ja;11:00;20:00;Ja;11:00;20:00;Ja;11:00;20:00;Ja;11:00;22:00;Ja;;20:00;Ja;11:00;20:00;Ja;11:00;20:00;;;KFC Rijswijk;;;;;;afc69a8a-0e30-4b3c-a956-fd3556f3026c;81570.36297310282;450281.06373539567;4.3170363816030335;52.0359925884395
40;;Drempelvrij;Ruim;In onderhoud;Ja;6:00;2:00;Ja;6:00;2:00;Ja;6:00;2:00;Ja;6:00;2:00;Ja;6:00;2:00;Ja;6:00;4:00;Ja;6:00;2:00;;Goed;Mc Donalds;;Ja;Ja;Ja;Ja;a93ad357-75d6-4be3-847f-5e14e655490e;82855.34245255697;450356.29554680316;4.335744789890784;52.03683738319788
41;;;;;Ja;9:00;19:00;Ja;9:00;19:00;Ja;9:00;19:00;Ja;9:00;19:00;Ja;9:00;21:00;Ja;9:00;19:00;Ja;12:00;18:00;;;Oriental Ypenburg;;;;;;6873ba75-3932-4e77-95f2-4787095ff6f6;84236.5036855262;450487.4060438401;4.3558439253577115;52.038193645247496
42;Ja;Drempel;Gemiddeld;In onderhoud;Ja;9:00;17:00;Ja;9:00;17:00;Ja;9:00;17:00;Ja;9:00;17:00;Ja;9:00;17:00;Ja;9:00;17:00;Ja;9:00;17:00;€ 0,00;;De Parade Nootdorp;;Ja;Ja;Ja;Ja;b83d83f5-5dac-4a7b-8d4f-28dc3754d631;86648.5350135996;451153.35270719655;4.39086017555255;52.04448107064885
43;;;;;Nee;;;Ja;12:00;22:00;Ja;12:00;22:00;Ja;12:00;22:00;Ja;12:00;22:00;Ja;12:00;22:00;Ja;12:00;22:00;;;New China Dragon;;;;;;d0efff45-792e-4cbd-aa32-fb9a121c1589;86933.60855615836;451019.1186959264;4.395041742460767;52.04330977507505
44;;;;;Ja;;;Ja;;;Ja;;;Ja;;;Ja;;;Ja;;;Ja;;;;;vd Valk Nootdorp;;;;;;6bdbf3f6-01b7-4947-a25c-8b49ec3916d4;87394.01136682673;452024.7601563792;4.401552807552754;52.05240383849435
45;Ja;Drempelvrij;Gemiddeld;In onderhoud;Ja;9:00;17:00;Ja;9:00;17:00;Ja;9:00;17:00;Ja;9:00;17:00;Ja;9:00;17:00;Ja;9:00;17:00;Ja;9:00;17:00;€ 0,50;Goed;Gemeente Den Haag;Openbaar Toilet;Ja;Ja;Ja;Ja;b5d4ce44-3617-4b52-ac26-878f5b04392c;78506.82324474434;458202.3656573815;4.270620753040332;52.106764596376436
46;;1 trede;Krap;In onderhoud;;;;;;;;;;;;;Ja;9:00;17:00;Ja;9:00;17:00;Ja;9:00;17:00;€ 0,00;;Voetbalvereniging SVLY;;Ja;Ja;Ja;Ja;398f71b0-e956-4c56-a0a9-dc7d4d93eb2b;87637.64721713986;452257.4751273341;4.405058457069407;52.05452491658669
47;;;;;Nee;;;Ja;10:00;17:00;Ja;10:00;17:00;Ja;10:00;17:00;Ja;10:00;17:00;Ja;10:00;17:00;Ja;10:00;17:00;;;De Smulhoeve;;Ja;Ja;Ja;Ja;23d8a996-56fe-4697-a9f1-d8b4956fe5e9;87208.02486699686;453068.16809262795;4.398634560802063;52.061758248427665
48;;;;In onderhoud;Ja;10:00;17:00;Ja;10:00;17:00;Ja;10:00;17:00;Ja;10:00;17:00;Ja;10:00;17:00;Ja;10:00;17:00;Ja;10:00;17:00;€ 0,00;;Stadsboerderij De Balijhoeve;;;;;;40d4f490-4a4f-48a1-ba17-1823d6a071e6;91257.81470871491;451121.4405095269;4.458045497901498;52.04474337817654
49;;;;In onderhoud;Ja;8:00;20:00;Ja;08:00;20:00;Ja;8:00;20:00;Ja;8:00;20:00;Ja;8:00;21:00;Ja;8:00;20:00;Ja;10:00;18:00;€ 0,00;;Albert Heijn;;;;;;6a483c39-7f67-48fa-87b0-ef43ec835a34;92550.09348603775;450947.9438039364;4.476912156567089;52.04333122953178
50;;;;In onderhoud;Ja;8:00;20:00;Ja;8:00;20:00;Ja;8:00;20:00;Ja;8:00;20:00;Ja;8:00;21:00;Ja;8:00;20:00;Ja;9:00;19:00;€ 0,00;;JUMBO;;;;;;76d54954-dbb8-4183-ae32-c791f7d19e7e;92579.80097615003;450968.8650205753;4.4773413096322034;52.04352259817591
51;;Drempelvrij;Gemiddeld;In onderhoud;Ja;10:00;19:00;Ja;10:00;19:00;Ja;10:00;19:00;Ja;10:00;19:00;Ja;10:00;19:00;Ja;10:00;18:00;Ja;12:00;19:00;"€ 0,00 voor klanten; € 0,50 voor anderen";;Subway;;Nee;Ja;Ja;Nee;03a664c1-419f-438d-8d73-18b90d94c379;92548.53878586213;451000.09557334846;4.476879969875729;52.043799751453705
52;Nee;Drempel;Ruim;In onderhoud;Ja;8:00;21:00;Ja;8:00;21:00;Ja;8:00;21:00;Ja;8:00;21:00;Ja;8:00;21:00;Ja;9:00;21:00;Ja;9:00;19:00;geen;Voldoende;Jumbo;Het toilet is ruim, maar de weg naar het toilet is minder goed.;Nee;Ja;Ja;Nee;474aa0c7-0b75-4d8e-9331-7ed4c8cdf5f2;93764.70893279676;450558.3786601872;4.494684469980779;52.039965640273635
53;Ja;Drempelvrij;Ruim;In onderhoud;Ja;08.00;01.00;Ja;08.00;01.00;Ja;08.00;01.00;Ja;08.00;01.00;Ja;08.00;01.00;Ja;08.00;01.00;Ja;08.00;01.00;€ 0,00;;2Bhome;Locatie prullenbak, een kant ruimte voor rolstoel, te korte handel van kraan, zalen drempelvrees toegankelijk;Ja;Ja;Ja;Ja;1d11fbfa-51bc-4929-924e-18f8f7b76506;93309.74889772403;451685.76816932;4.487850654842937;52.050047262091304
54;Ja;Drempelvrij;Ruim;In onderhoud;Ja;;;Ja;;;Ja;;;Ja;;;Ja;;;Ja;;;Ja;;;;;2B home;gewenst om voorportaal tijdelijk af te kunnen;Ja;Ja;Ja;Ja;992f47bb-9147-468b-b60a-e6084a1a7cf5;93307.57980048415;451688.91517217905;4.487818468344881;52.050075303355335
55;;;;In onderhoud;Ja;8:00;21:00;Ja;8:00;21:00;Ja;8:00;21:00;Ja;8:00;21:00;Ja;8:00;21:00;Ja;8:00;21:00;Ja;10:00;19:00;;;Jumbo;;;;;;f03bdd5e-4927-47fa-b2fe-a9e0db4eef2a;92001.81366959338;452317.13743263186;4.468668845767349;52.055574348932566
56;;;;In onderhoud;Ja;8:00;20:00;Ja;08:00;20:00;Ja;8:00;20:00;Ja;8:00;20:00;Ja;8:00;21:00;Ja;8:00;20:00;Ja;10:00;19:00;€ 0,00;;Albert Heijn;;;;;;a3483651-436e-418e-bc99-03785531d531;92034.03548673227;452420.96568275365;4.469119457257866;52.05651113130826
57;;;;;Nee;;;Ja;10:00;17:30;Ja;10:00;17:30;Ja;10:00;17:30;Ja;10:00;17:30;Ja;10:00;17:00;Ja;10:00;17:00;€ 0,00;;Stadsboerderij het Buitenbeest;;;;;;5378460f-542c-4cae-a646-fa1729de045e;92601.7226418123;452855.69647604524;4.477316279387497;52.06048234037936
58;Nee;;Krap;In onderhoud;Ja;5:00;24:00;Ja;5:00;24:00;Ja;5:00;24:00;Ja;5:00;24:00;Ja;5:00;01:00;Ja;6:30;01:00;Ja;8:00;24:00;€ 0,00;;Centrum West ( Ustal);;Nee;Nee;Ja;Ja;a56171ed-902a-45c3-b944-726ae9589f72;93032.01494369496;452885.5541841956;4.483584598653673;52.060798966734
59;;Drempelvrij;Ruim;In onderhoud;Ja;10:00;18:00;Ja;10:00;18:00;Ja;10:00;18:00;Ja;10:00;18:00;Ja;10:00;21:00;Ja;10:00;17:30;Ja;12:00;17:00;€ 0,00;;2 the loo;Boven de Albert Heijn;Ja;Ja;Ja;Ja;091d4e5c-202b-44f9-8826-f6c3a98819b3;93259.31116807857;452908.78671857796;4.486894444189225;52.06103313591129
60;Ja;Drempelvrij;Ruim;In onderhoud;Ja;10:30;18:30;Ja;08:30;18:30;Ja;08:30;18:30;Ja;08:30;18:30;Ja;08:30;21:30;Ja;08:30;18:00;Ja;11:30;17:30;€ 0,00 voor invaliden, € 0,50 voor anderen;Goed;Ustal;;Ja;Ja;Ja;Ja;fa659908-83e1-4713-a401-a12b5f13deb0;93527.04730561355;453123.4584403209;4.490759507683883;52.062992200133884
61;Nee;;;In onderhoud;Nee;;;Nee;;;Ja;10:00;17:00;Ja;10:00;17:00;Ja;10:00;21:00;Ja;10:00;17:00;Ja;12:00;17:00;€ 0,00;;Nationaal Videogamemuseum;;;;;;86762297-b1cd-4a38-b08e-d30e1ca9286f;93697.05620333357;453014.38988706324;4.493257984478958;52.06203081690496
62;Ja;Drempelvrij;Ruim;In onderhoud;Ja;09:00;17:00;Ja;09:00;17:00;Ja;09:00;17:00;Ja;09:00;17:00;Ja;09:00;17:00;Nee;;;Nee;;;€ 0,00;Goed;Gemeente Zoetermeer;;Ja;Ja;Ja;Ja;fbc429bd-aff8-4b68-9440-81fd01ae5ad1;93659.58544366225;452877.04975492734;4.492736295597491;52.06079236831121
63;Ja;;;In onderhoud;Ja;7:00;00:00;Ja;7:00;00:00;Ja;7:00;00:00;Ja;7:00;00:00;Ja;7:00;2:00;Ja;7:00;2:00;Ja;9:00;00:00;€ 0,00;;Fietsenstalling Cadenza ( Ustal);;Ja;Ja;Ja;Ja;8f802995-8169-41fb-a903-231be55b36ad;93844.21630787183;453006.52516212803;4.495405092568449;52.06197639779316
64;;Drempelvrij;Ruim;In onderhoud;Ja;9:00;16:00;Ja;09:00;16:00;Ja;9:00;16:00;Ja;9:00;16:00;Ja;9:00;16:00;Ja;09.00;16.00;Ja;09.00;16.00;€ 0,00;;Palet/Welzijn.nl;;Ja;Ja;Ja;Ja;73428547-515d-49ac-9c1c-e8dd3151172c;93546.4713758751;452476.21079494356;4.491159162200949;52.05717742079402
65;;Drempelvrij;Ruim;In onderhoud;Ja;08:00;23:00;Ja;08:00;23:00;Ja;08:00;23:00;Ja;08:00;23:00;Ja;08:00;23:00;Ja;08:00;18.00;Ja;13.45;23.00;€ 0,00;;CKC Centrum voor Kunst e Cultuur;;Ja;Ja;Ja;Ja;3bb9b17f-f455-4e8e-8f82-848a32747312;93987.09920841959;452491.7125415658;4.4975803689974665;52.05736542970381
66;;;Gemiddeld;In onderhoud;Ja;08:30;17:00;Ja;08:30;17:00;Ja;08:30;17:00;Ja;08:30;17:00;Ja;08:30;17:00;Nee;;;Nee;;;€ 0,00;Matig;Reakt;;Ja;Ja;Ja;Ja;5bed66fb-cfa1-40a2-b7e3-a34ba65d39c1;92648.28117286703;453562.253213516;4.477866133510018;52.06683752340765
67;;;;In onderhoud;Ja;08:00;20:00;Ja;08:00;20:00;Ja;08:00;20:00;Ja;08:00;20:00;Ja;08:00;21:00;Ja;08:00;20:00;Ja;10:00;19:00;€ 0,00;;Jumbo;;Ja;Ja;;;a57024a9-7431-4e69-b33c-981c85627893;92688.4970336773;453571.65707014437;4.478450854652475;52.066926562013215
68;;;;In onderhoud;Ja;8:00;20:00;Ja;08:00;20:00;Ja;8:00;20:00;Ja;8:00;20:00;Ja;8:00;21:00;Ja;8:00;20:00;Ja;10:00;19:00;€ 0,00;;Albert Heijn;;Ja;Ja;Ja;Ja;8dfb2958-7916-4397-b98b-14d978c99ce4;93725.20719377065;453904.4322536433;4.493508769629373;52.07003290884005
69;;;;In onderhoud;Ja;8:00;21:00;Ja;8:00;21:00;Ja;8:00;21:00;Ja;8:00;21:00;Ja;8:00;21:00;Ja;8:00;20:00;Ja;10:00;18:00;€ 0,00;;Jumbo;;Ja;Ja;Ja;Ja;4c5a8810-0d29-4582-a467-8dc475d0124a;94864.74485070352;453824.4933376319;4.510141145606933;52.06943935617331
70;;;;In onderhoud;Ja;8:00;20:00;Ja;08:00;20:00;Ja;8:00;20:00;Ja;8:00;20:00;Ja;8:00;21:00;Ja;8:00;20:00;Ja;10:00;19:00;€ 0,00;;Albert Heijn;;;;;;593cf6a9-58a3-440b-93bd-d237ed73b045;95538.15707600571;454492.21521894867;4.519845374237651;52.07551301199676
71;;;;In onderhoud;Ja;8:00;20:00;Ja;08:00;20:00;Ja;8:00;20:00;Ja;8:00;20:00;Ja;8:00;21:00;Ja;8:00;20:00;Ja;10:00;19:00;€ 0,00;;Albert Heijn;;Ja;Ja;;;6bd3ee89-f9a1-4a69-b433-a384608fccb2;95210.63745745161;453159.8375916617;4.515301716277128;52.06350338901526
72;;;;In onderhoud;Ja;8:00;21:00;Ja;08:00;21:00;Ja;08:00;21:00;Ja;8:00;21:00;Ja;8:00;21:00;Ja;8:00;21:00;Ja;10:00;20:00;€ 0,00;;;;;;;;2c86d1c0-7109-41a8-b79c-cc21afad6a26;96981.66458410784;452683.8338524016;4.541206488469032;52.05941371000032
73;;;;In onderhoud;Ja;10:00;17:00;Ja;10:00;17:00;Ja;10:00;17:00;Ja;10:00;17:00;Ja;10:00;17:00;Ja;10:00;17:00;Ja;10:00;17:00;€ 0,00;;Stadsboerderij De Weidemolen;;;;;;90567e61-7f1b-4702-aba5-4b5401ad9bcc;97772.73094797501;452749.5462452362;4.552729256214958;52.06008655441788
74;;;;;Ja;9:00;17:00;Ja;9:00;17:00;Ja;9:00;17:00;Ja;9:00;17:00;Ja;9:00;17:00;Ja;9:00;17:00;Ja;9:00;17:00;€ 0,00;;;;Ja;Ja;Ja;Ja;77e754e6-6b64-4442-83e4-152aa5022632;99811.07606215129;443817.56972763874;4.5838893776032;51.980018079421804
75;Nee;Drempel;Krap;In onderhoud;Ja;9:00;17:00;Ja;9:00;17:00;Ja;9:00;17:00;Ja;9:00;17:00;Ja;9:00;17:00;Ja;9:00;17:00;Ja;9:00;17:00;€ 0,50;;Texaco;;Ja;Ja;Ja;Ja;c15a4668-bbb8-4f6a-a65e-f2bf87f9d9a6;99889.2344816147;441483.14370974136;4.585402131731641;51.95904510883776
76;Ja;;Gemiddeld;In onderhoud;Ja;9:00;17:00;Ja;9:00;17:00;Ja;9:00;17:00;Ja;9:00;17:00;Ja;9:00;17:00;Ja;9:00;17:00;Ja;9:00;17:00;€ 0,00;;Praxis;;Ja;Ja;Ja;Nee;d6b23364-2858-44d8-bcbe-7c67bd70d46e;99667.95059809228;441380.3958035578;4.582199575124298;51.958099671703835
77;Nee;;Gemiddeld;In onderhoud;Ja;9:00;17:00;Ja;9:00;17:00;Ja;9:00;17:00;Ja;9:00;17:00;Ja;9:00;17:00;Ja;9:00;17:00;Ja;9:00;17:00;€ 0,50;;;;Ja;Ja;Ja;Ja;fb72208d-0d95-4a02-87f2-0c9f5db00263;98717.13825247125;440745.82533391786;4.568472026399801;51.952301000869035
78;Ja;;Gemiddeld;In onderhoud;Ja;9:00;17:00;Ja;9:00;17:00;Ja;9:00;17:00;Ja;9:00;17:00;Ja;9:00;17:00;Ja;9:00;17:00;Ja;9:00;17:00;€ 0,00;Goed;;;Ja;Ja;Ja;Nee;8b56c36e-52d7-4b62-b369-e565003cbc2f;100120.06644664163;438395.9656910922;4.589253762964507;51.93132167994788
79;Ja;Drempelvrij;Gemiddeld;In onderhoud;Ja;9:00;17:00;Ja;9:00;17:00;Ja;9:00;17:00;Ja;9:00;17:00;Ja;9:00;17:00;Ja;9:00;17:00;Ja;9:00;17:00;€ 0,50;Goed;Wereldhave;;Ja;Ja;Ja;Ja;9d71ad9f-0972-478e-9eeb-3b0483113851;100163.33072277199;438236.4984970073;4.589908221048328;51.929892718319884
80;Nee;Drempel;Krap;In onderhoud;Ja;9:00;17:00;Ja;9:00;17:00;Ja;9:00;17:00;Ja;9:00;17:00;Ja;9:00;17:00;Ja;9:00;17:00;Ja;9:00;17:00;€ 0,50;Matig;Shell;;Ja;Ja;Ja;Ja;b4d1be4e-dafb-4dfb-bf4b-1cbdf6d16706;98940.69215793314;437990.9410468214;4.572173460878443;51.927563935600475
81;Nee;Drempel;Krap;In onderhoud;Ja;9:00;17:00;Ja;9:00;17:00;Ja;9:00;17:00;Ja;9:00;17:00;Ja;9:00;17:00;Ja;9:00;17:00;Ja;9:00;17:00;€ 0,50;Matig;;;Nee;Ja;Ja;Nee;647c0fbd-73f8-41ab-8b43-9b7a615e5f4d;98967.28531433782;437927.33554014534;4.572570427457814;51.92699495502398
82;Nee;Drempelvrij;Gemiddeld;In onderhoud;Ja;8:00;23:00;Ja;8:00;23:00;Ja;8:00;23:00;Ja;8:00;23:00;Ja;8:00;23:00;Ja;8:00;23:00;Ja;8:00;23:00;€ 0,00;;Mc Donalds;;Nee;Ja;Ja;Nee;2dee9f82-d74b-473e-bf31-3366b16d60d7;98535.91016984312;437764.34280412184;4.56632624508268;51.925486458176984
83;Ja;;Ruim;In onderhoud;Ja;8:00;20:00;Ja;8:00;20:00;Ja;8:00;20:00;Ja;8:00;20:00;Ja;8:00;20:00;Ja;8:00;20:00;Ja;8:00;20:00;€ 0,00;Goed;Albert Heijn;;Ja;Ja;Ja;Ja;56eb6640-88de-4cfb-9f10-c2c285186410;100043.30459620547;436549.6790240753;4.588432992125234;51.91472042979613
84;Nee;Drempelvrij;Gemiddeld;In onderhoud;Ja;9:00;17:00;Ja;9:00;17:00;Ja;9:00;17:00;Ja;9:00;17:00;Ja;9:00;17:00;Ja;9:00;17:00;Ja;9:00;17:00;€ 0,00;Goed;Gemeente Rotterdam;Bij receptie vragen deur op afstand te openen;Ja;Ja;Ja;Ja;c944980d-1621-4b7f-b3c0-7ffd07f0fdc6;93131.4547477643;435722.33132437494;4.488131835522442;51.90655975950386
85;;;;;;;;;;;;;;;;;;;;;;;;;;;;;;;;;;b05d946d-b777-4f2c-baed-43678d999d55;67494.01963286771;444340.26821761596;4.113449341958287;51.980563239968596
86;;;;;;;;;;;;;;;;;;;;;;;;;;;;;;;;;;6c7f4bda-a2ca-4193-adde-633f2f442ff6;89969.00763943457;437953.8748977859;4.441759120613845;51.92625474831244
87;;;;;;;;;;;;;;;;;;;;;;;;;;;;;;;;;;8f317115-f854-4858-8f39-74bb2bd45fd9;90954.0087836587;438347.32930062193;4.456004332246827;51.92990509181297
88;;;;;;;;;;;;;;;;;;;;;;;;;;;;;;;;;;c950b163-4d75-410f-b55e-1ff4f5b4b825;91989.87383949626;437750.3926877715;4.471172896601317;51.924658555818674
89;;;;;;;;;;;;;;;;;;;;;;;;;;;;;;;;;;9f0eef4b-c370-49fe-a183-bef6ba88ca57;93061.07756398694;437439.2112200667;4.486800115823539;51.92198212705016
90;;;;;;;;;;;;;;;;;;;;;;;;;;;;;;;;;;9db5cca7-d11f-489b-9db6-dfdaf742cf04;93259.75623594955;438748.56483810605;4.489452816987979;51.93377178634421
91;;;;;;;;;;;;;;;;;;;;;;;;;;;;;;;;;;58a15f9f-2caa-4d59-8cdf-42870a7bf16a;94484.06882316468;439327.1827642777;4.507151368502057;51.939106551497076
92;;;;;;;;;;;;;;;;;;;;;;;;;;;;;;;;;;d9feaad3-7ce2-4923-bcb7-33dc533d0010;94599.92168987678;439511.23949264473;4.508803608865952;51.94077332789536
93;;;;;;;;;;;;;;;;;;;;;;;;;;;;;;;;;;1dc1c709-a192-4e53-9755-4e63cf17e7a9;94382.79166232236;439144.04894807225;4.505711022682022;51.93744963531204
94;;;;;;;;;;;;;;;;;;;;;;;;;;;;;;;;;;5ccf57ab-e7e1-4db5-98f9-4f9858e0d172;91956.876904629;435839.2682519715;4.471043486479545;51.907478974844864
95;;;;;;;;;;;;;;;;;;;;;;;;;;;;;;;;;;3282f5aa-aeb6-4ad0-83e9-521e3e00627e;93080.30444263545;433409.02691362385;4.487804603164415;51.88576350204307
96;;;;;;;;;;;;;;;;;;;;;;;;;;;;;;;;;;38d736d7-9cc8-4a8e-81d5-ef3b3f77b7e4;95934.30240844144;432704.0099022167;4.5293761417329845;51.87973693397737
97;;;;;;;;;;;;;;;;;;;;;;;;;;;;;;;;;;d2c29d24-208e-4fd7-bd7d-f16022285503;96286.75569171109;437307.3695774844;4.533709257029062;51.92114675808857
98;Ja;Drempelvrij;Ruim;In onderhoud;;;;;;;;;;;;;;;;;;;;;;;;;;Ja;Ja;Ja;Ja;6d06a756-d4d6-4a21-be94-6b43df9a3b24;91859.78526167654;437566.1498309175;4.469315747601563;51.922987967932535
99;Ja;Drempelvrij;Ruim;In onderhoud;;;;;;;;;;;;;;;;;;;;;;;;;;Ja;Ja;Ja;Ja;996f255a-1cde-4b8d-9548-0d9a272752ac;91745.68347097296;437530.6294473768;4.467663750154321;51.922655778015255
100;Ja;Drempelvrij;;In onderhoud;Ja;9:00;2:00;Ja;9:00;2:00;Ja;9:00;00:00;Ja;9:00;00:00;Ja;9:00;00:00;Ja;00:00;00:00;Ja;00:00;00:00;;Goed;Hommerson Casino;Toegang vanaf 20 jaar;Ja;Ja;Ja;Nee;46bb807e-75db-4552-ac6c-046184609eb8;93689.01825292672;453036.42868825304;4.493136830060439;52.06222799445371
101;Ja;Drempelvrij;Gemiddeld;In onderhoud;Ja;9:00;2:00;Ja;9:00;2:00;Ja;9:00;2:00;Ja;9:00;2:00;Ja;9:00;00:00;Ja;00:00;9:00;Ja;9:00;2:00;;;Sir Winston Casino;Toegang vanaf 20 jaar;Ja;Ja;Ja;Nee;b3da4968-a0ab-48c1-b8ba-038cd99c9566;93814.93130365474;453058.54969247367;4.49496877883362;52.06244071923415
102;Nee;;;In onderhoud;Ja;10:00;21:00;Ja;10:00;21:00;Ja;10:00;21:00;Ja;10:00;21:00;Ja;10:00;21:00;Ja;10:00;19:00;Ja;12:00;18:00;0,50;;Mediamarkt;;;;;;3780c8ca-e6f2-4162-9b69-98650b4defb5;93146.78061615361;452908.1778973366;4.48525381824281;52.06101511351864
103;Nee;;;;Ja;08:00;22:00;Ja;08:00;22:00;Ja;08:00;22:00;Ja;08:00;22:00;Ja;08:00;00:00;Ja;08:00;22:00;Ja;08:00;22:00;;Voldoende;Mac Donald;;;;;;c59a4fa4-13d7-4d8d-a129-f25dfe3e2b14;93300.28628641041;452919.06422186684;4.4874900201447625;52.06113006601309
104;Ja;;;;;;;;;;;;;;;;;;;;;;;;;;Goed;;;;;;;42815f5c-a52e-4709-891e-573dc7ff4cbe;94862.33118980887;455731.35067739774;4.5097700077846;52.086576409418264
107;Ja;Drempelvrij;Gemiddeld;In onderhoud;Ja;8:00;21:00;Ja;8:00;21:00;Ja;8:00;21:00;Ja;8:00;21:00;Ja;8:00;21:00;Ja;8:00;21:00;Ja;8:00;21:00;0;Voldoende;La Place;;Ja;Ja;Ja;Ja;a948d3d2-a55a-443b-8658-5c275141bd08;143035.9306879841;432219.04295189574;5.213452514519192;51.87838114551814
109;Ja;Drempelvrij;Gemiddeld;In onderhoud;Ja;16:00;23:00;Ja;16:00;23:00;Ja;16:00;23:00;Ja;16:00;23:00;Ja;16:00;23:00;Ja;16:00;23:00;Ja;16:00;23:00;0,00 euro;Voldoende;Woodstone Pizza and Wine;;Ja;Ja;Ja;Ja;fca83e1d-8c39-42f6-848f-65d0918c0cd0;93772.84752556898;452984.9662033781;4.494368349715517;52.06177476113542
110;Ja;Drempelvrij;Ruim;In onderhoud;Ja;08:00;21:00;Ja;08:00;21:00;Ja;08:00;21:00;Ja;08:00;21:00;Ja;08:00;22:00;Ja;08:00;21:00;Ja;10:00;20:00;0,00;Voldoende;Hoogvliet Oostwaarts;;Ja;Ja;Ja;Nee;bf059e25-a53e-4587-add5-a58791d39dec;93785.16818806875;453014.5398939453;4.494542693495138;52.062041907028565
111;Nee;Drempelvrij;Krap;In onderhoud;Ja;10:00;18:00;Ja;09:00;18:00;Ja;09:00;18:00;Ja;09:00;18:00;Ja;09:00;18:00;Ja;09:00;18:00;Ja;10:00;18:00;0,00;;Barista Cafe;;Nee;Ja;Ja;Ja;5baa0a38-f440-41cf-93e8-1e11cdd852d2;93719.93736380045;453012.19789861806;4.493592001339953;52.062013648252524
112;Ja;Drempelvrij;Ruim;In onderhoud;Ja;12:00;22:00;Ja;12:00;22:00;Ja;12:00;22:00;Ja;12:00;22:00;Ja;12:00;23:00;Ja;12:00;23:00;Ja;12:00;22:00;0,00 euro;Goed;Happy Italy;;Ja;Ja;Ja;Ja;7428b223-f4cd-4b6a-9392-753112e3da39;93710.40874890772;452884.1327167079;4.493476044287799;52.06086164839417
113;Nee;Drempelvrij;Krap;In onderhoud;Ja;11:00;24:00;Ja;11:00;24:00;Ja;11:00;24:00;Ja;11:00;01:00;Ja;11:00;03:30;Ja;11:00;03:30;Ja;12:00;24:00;0,00 euro;Voldoende;The old Pal;;Nee;Nee;Ja;Nee;7231cc24-b557-41f1-b693-315b3e794427;93704.7585837346;452952.66617707215;4.493381365472553;52.06147694619549
114;Nee;Drempelvrij;Krap;In onderhoud;Ja;16:00;22:00;Ja;16:00;22:00;Ja;16:00;22:00;Ja;16:00;22:00;Ja;16:00;22:00;Ja;16:00;22:00;Ja;16:00;22:00;0,00 euro;Voldoende;Restaurant Delphi;Restaurant heeft geen sticker bij voordeur.;Nee;Ja;Ja;Nee;f0b92f19-c338-4d6f-af72-ecf51fded5e4;93762.60475256751;453010.9135560256;4.49421435240521;52.062006823063776
115;Ja;Drempel;Ruim;In onderhoud;Ja;17:00;23:00;Ja;17:00;23:00;Ja;10:00;23:00;Ja;10:00;23:00;Ja;10:00;23:00;Ja;10:00;23:00;Ja;12:00;23:00;0,00 euro;Goed;Koeien en Kaas Zoetermeer;Restaurant heeft een rolstoel plank voor twee lage treden in het restaurant.;;Ja;;;adf7c819-3997-42b5-9ccf-e879f9eac047;93768.0129693608;452979.759289352;4.494298792102875;52.06172743131691
116;Ja;;;In onderhoud;;;;;;;;;;;;;;;;;;;;;;;;;;;;;;382ade46-0d93-474b-8aee-beac9e183b2e;202783.564203909;502489.6824016949;6.091025907436268;52.508002405146726
117;Ja;;;In onderhoud;;;;;;;;;;;;;;;;;;;;;;;;;;;;;;461887b1-8578-4016-9aae-807ec466ae31;202229.5255958318;501954.6938317178;6.0827901744109045;52.50324275722075
118;Ja;;;In onderhoud;;;;;;;;;;;;;;;;;;;;;;1,00;;;;Ja;;;;3349cbe3-60eb-4816-a14d-78c7c8515b0b;202824.0455348717;502134.0816904935;6.091571152176295;52.50480317751869
119;Ja;;;In onderhoud;;;;;;;;;;;;;;;;;;;;;;;;;;;;;;c48b353f-9999-491d-88cc-f9505d948d27;202445.4260276327;502409.5134913571;6.086034335645891;52.50731140586425
120;Ja;;;In onderhoud;;;;;;;;;;;;;;;;;;;;;;;;;;;;;;4e8b43e3-039d-428e-b92c-99633947ad04;202971.6833301473;503031.8147359596;6.093874527938062;52.51285791433871
121;Nee;;Ruim;In onderhoud;Ja;10:00;17:00;;;;;;;;;;;;;;;;;;;;;;;;;;;c949590c-eefb-495c-b033-f558c667ee5a;202876.0007172408;502007.7868193289;6.092318182108283;52.50366365124337
122;Ja;;;;;;;;;;;;;;;;;;;;;;;;;;;;;;;;;fcb33b50-d0c8-489d-9597-45dfa07d86e9;136969.71816793695;430837.43757653446;5.125428116308456;51.865799765642585
123;Ja;Drempelvrij;Ruim;In onderhoud;Ja;08:00;18:00;Ja;08:00;18:00;Ja;08:00;18:00;Ja;08:00;18:00;Ja;08:00;18:00;Ja;12:00;17:00;Nee;;;0,50;Goed;Geofort;;Ja;Ja;Ja;Ja;697876da-428f-4b93-88a9-336166b89a64;136961.28455731974;430844.7797787191;5.125305289906978;51.865865486026
124;Ja;Drempelvrij;Ruim;In onderhoud;Ja;08:00;14:35;Ja;08:00;14:35;Ja;08:00;14:35;Ja;08:00;14:35;Ja;08:00;14:35;Nee;;;Nee;;;0,75;Goed;Geofort;;Ja;Ja;Ja;Ja;44760541-3f37-40c0-9cdd-c9fdbedc1cad;136919.91025582113;430850.0383829864;5.124704323742207;51.865911410934345
125;Nee;Drempel;Krap;In onderhoud;Ja;08:00;18:00;Ja;08:00;18:00;Ja;08:00;18:00;Ja;08:00;18:00;Ja;08:00;18:00;Nee;;;Nee;;;1,00;Goed;Geofort;;Nee;Ja;Ja;Nee;1c27fc8b-1c09-45cf-b322-668261ad7ed4;136941.7384244775;430872.95796007547;5.125020036493866;51.86611812451674
126;Ja;Drempelvrij;Ruim;In onderhoud;Ja;08:00;18:00;Ja;08:00;18:00;Ja;08:00;18:00;Ja;08:00;18:00;Ja;08:00;18:00;Nee;;;Nee;;;0;Voldoende;Geofort;;Ja;Ja;Ja;Ja;900e6742-4623-4c50-8015-bf577a09c9f0;136658.6667645842;430781.6765275126;5.120915101085716;51.86528842506697
127;Ja;Drempelvrij;Ruim;In onderhoud;Nee;;;Nee;;;Nee;;;Nee;;;Nee;;;Nee;;;Ja;08:00;18:00;1,00;Goed;Geofort;;Ja;Ja;Ja;Ja;834299f8-73d8-4113-bd5f-98913b8784bf;136855.1202824912;430880.89547595056;5.123762051100885;51.866186655561684
129;Ja;;;;;;;;;;;;;;;;;;;;;;;;;;Goed;;;;;;;e65a985b-aa65-4293-8c9d-a337a89cdb6a;119558.41463068171;448484.74398055114;4.870829538084746;52.02357727399415
