Id;Title;Url;DatasetId;Id;Identifier;Title;Description;Modified;ReleaseDate;ModificationDate;Language;TemporalCoverage;Authority;Catalog;Publisher;ContactPoint;Version;VersionNotes;VersionReason;Frequency;Status;ObservationCount;ObservationsModified;DatasetType;GraphTypes;DatasetIdentifier;DataProviderId;DataProviderId;License;Source;Summary;LongDescription
0;actuele prognose;https://opendata.cbs.nl/statline/#/CBS/nl/navigatieScherm/thema?themaNr=31770;;;;;;01-01-0001 00:00:00;01-01-0001 00:00:00;01-01-0001 00:00:00;;;;;;;;;;;;0;01-01-0001 00:00:00;;;;;;;;;
0;voorgaande prognoses;https://opendata.cbs.nl/statline/#/CBS/nl/navigatieScherm/thema?themaNr=31780;;;;;;01-01-0001 00:00:00;01-01-0001 00:00:00;01-01-0001 00:00:00;;;;;;;;;;;;0;01-01-0001 00:00:00;;;;;;;;;
0;archief;https://opendata.cbs.nl/statline/#/CBS/nl/navigatieScherm/thema?themaNr=81936;;;;;;01-01-0001 00:00:00;01-01-0001 00:00:00;01-01-0001 00:00:00;;;;;;;;;;;;0;01-01-0001 00:00:00;;;;;;;;;
0;"Bevolkingsontwikkeling; maand en jaar";https://opendata.cbs.nl/statline/#/CBS/nl/dataset/83474ned;;;;;;01-01-0001 00:00:00;01-01-0001 00:00:00;01-01-0001 00:00:00;;;;;;;;;;;;0;01-01-0001 00:00:00;;;;;;;;;
0;Kernprognose 2024–2070: een miljoen inwoners erbij in 2037;https://www.cbs.nl/nl-nl/longread/statistische-trends/2024/kernprognose-2024-2070-een-miljoen-inwoners-erbij-in-2037;;;;;;01-01-0001 00:00:00;01-01-0001 00:00:00;01-01-0001 00:00:00;;;;;;;;;;;;0;01-01-0001 00:00:00;;;;;;;;;
0;Bevolking;https://www.cbs.nl/nl-nl/maatschappij/bevolking;;;;;;01-01-0001 00:00:00;01-01-0001 00:00:00;01-01-0001 00:00:00;;;;;;;;;;;;0;01-01-0001 00:00:00;;;;;;;;;
